id,Weekday of Fecha Referencia,Day of Fecha Referencia,Month of Fecha Referencia,Giros
1,Monday,1,January,1115
2,Monday,1,February,5934
3,Monday,1,April,13417
4,Monday,1,May,2827
5,Monday,1,June,12283
6,Monday,1,July,13910
7,Monday,1,August,6691
8,Monday,1,September,5088
9,Monday,1,October,8693
10,Monday,1,December,5093
11,Monday,2,January,4484
12,Monday,2,February,4824
13,Monday,2,March,14889
14,Monday,2,April,6252
15,Monday,2,May,5630
16,Monday,2,June,5278
17,Monday,2,July,9414
18,Monday,2,September,13813
19,Monday,2,October,8647
20,Monday,2,November,12797
21,Monday,2,December,13945
22,Monday,3,February,14184
23,Monday,3,March,4744
24,Monday,3,April,7348
25,Monday,3,June,15506
26,Monday,3,July,8414
27,Monday,3,August,14378
28,Monday,3,September,8628
29,Monday,3,October,6558
30,Monday,3,November,4774
31,Monday,3,December,9150
32,Monday,4,January,15363
33,Monday,4,February,12579
34,Monday,4,March,12575
35,Monday,4,April,5897
36,Monday,4,May,13300
37,Monday,4,June,9017
38,Monday,4,July,6754
39,Monday,4,August,4825
40,Monday,4,September,7465
41,Monday,4,November,13438
42,Monday,4,December,7762
43,Monday,5,January,4221
44,Monday,5,February,7397
45,Monday,5,March,8754
46,Monday,5,May,5301
47,Monday,5,June,7518
48,Monday,5,August,14388
49,Monday,5,September,5937
50,Monday,5,October,15360
51,Monday,5,November,8566
52,Monday,5,December,6813
53,Monday,6,January,6165
54,Monday,6,February,5926
55,Monday,6,March,6616
56,Monday,6,April,7912
57,Monday,6,May,13536
58,Monday,6,June,5589
59,Monday,6,July,12926
60,Monday,6,August,7566
61,Monday,6,October,3755
62,Monday,6,November,6990
63,Monday,7,January,8614
64,Monday,7,March,4796
65,Monday,7,April,3890
66,Monday,7,May,7416
67,Monday,7,July,3761
68,Monday,7,August,6589
69,Monday,7,September,12315
70,Monday,7,October,11403
71,Monday,7,November,5091
72,Monday,7,December,12356
73,Monday,8,January,6340
74,Monday,8,February,3816
75,Monday,8,April,10479
76,Monday,8,May,6099
77,Monday,8,June,10291
78,Monday,8,July,10681
79,Monday,8,August,4692
80,Monday,8,September,3389
81,Monday,8,October,6725
82,Monday,8,December,2360
83,Monday,9,January,4706
84,Monday,9,February,3303
85,Monday,9,March,10595
86,Monday,9,April,6724
87,Monday,9,May,4315
88,Monday,9,June,3172
89,Monday,9,July,6628
90,Monday,9,September,10454
91,Monday,9,October,6327
92,Monday,9,November,11273
93,Monday,9,December,9688
94,Monday,10,February,12207
95,Monday,10,March,4925
96,Monday,10,April,6493
97,Monday,10,June,12302
98,Monday,10,July,6878
99,Monday,10,August,13095
100,Monday,10,September,7484
101,Monday,10,October,5435
102,Monday,10,November,4300
103,Monday,10,December,8021
104,Monday,11,January,12631
105,Monday,11,February,10416
106,Monday,11,March,11571
107,Monday,11,April,4921
108,Monday,11,May,10434
109,Monday,11,June,8027
110,Monday,11,July,4836
111,Monday,11,August,4249
112,Monday,11,September,6267
113,Monday,11,November,11088
114,Monday,11,December,6795
115,Monday,12,January,3824
116,Monday,12,February,5728
117,Monday,12,March,6724
118,Monday,12,May,4265
119,Monday,12,June,6094
120,Monday,12,August,9772
121,Monday,12,September,4070
122,Monday,12,October,8321
123,Monday,12,November,6718
124,Monday,12,December,4989
125,Monday,13,January,9916
126,Monday,13,February,5083
127,Monday,13,March,4953
128,Monday,13,April,5418
129,Monday,13,May,10561
130,Monday,13,June,4343
131,Monday,13,July,11242
132,Monday,13,August,6697
133,Monday,13,October,3010
134,Monday,13,November,5850
135,Monday,14,January,9172
136,Monday,14,March,3933
137,Monday,14,April,3556
138,Monday,14,May,6129
139,Monday,14,July,3250
140,Monday,14,August,5348
141,Monday,14,September,10971
142,Monday,14,October,10547
143,Monday,14,November,4064
144,Monday,14,December,11641
145,Monday,15,January,5580
146,Monday,15,February,3881
147,Monday,15,April,10244
148,Monday,15,May,5182
149,Monday,15,June,9294
150,Monday,15,July,10634
151,Monday,15,August,1932
152,Monday,15,September,2980
153,Monday,15,October,6514
154,Monday,15,December,3503
155,Monday,16,January,4311
156,Monday,16,February,2557
157,Monday,16,March,5763
158,Monday,16,April,6258
159,Monday,16,May,3175
160,Monday,16,June,2954
161,Monday,16,July,6546
162,Monday,16,September,9765
163,Monday,16,October,5632
164,Monday,16,November,10250
165,Monday,16,December,10201
166,Monday,17,February,8859
167,Monday,17,March,2923
168,Monday,17,April,3411
169,Monday,17,June,9180
170,Monday,17,July,5533
171,Monday,17,August,10841
172,Monday,17,September,6287
173,Monday,17,October,3863
174,Monday,17,November,2656
175,Monday,17,December,10819
176,Monday,18,January,11370
177,Monday,18,February,7685
178,Monday,18,March,8745
179,Monday,18,April,3515
180,Monday,18,May,8679
181,Monday,18,June,5434
182,Monday,18,July,4077
183,Monday,18,August,2944
184,Monday,18,September,5215
185,Monday,18,November,8595
186,Monday,18,December,5579
187,Monday,19,January,2657
188,Monday,19,February,5148
189,Monday,19,March,5168
190,Monday,19,May,2790
191,Monday,19,June,5098
192,Monday,19,August,8485
193,Monday,19,September,3663
194,Monday,19,October,9476
195,Monday,19,November,5650
196,Monday,19,December,4770
197,Monday,20,January,7660
198,Monday,20,February,4173
199,Monday,20,March,3939
200,Monday,20,April,6363
201,Monday,20,May,8459
202,Monday,20,June,3717
203,Monday,20,July,9899
204,Monday,20,August,5340
205,Monday,20,October,2395
206,Monday,20,November,4680
207,Monday,21,January,7176
208,Monday,21,March,3281
209,Monday,21,April,1949
210,Monday,21,May,5276
211,Monday,21,July,2742
212,Monday,21,August,5070
213,Monday,21,September,9594
214,Monday,21,October,7851
215,Monday,21,November,3473
216,Monday,21,December,15765
217,Monday,22,January,4457
218,Monday,22,February,2994
219,Monday,22,April,6413
220,Monday,22,May,4630
221,Monday,22,June,7853
222,Monday,22,July,8491
223,Monday,22,August,3181
224,Monday,22,September,2324
225,Monday,22,October,5409
226,Monday,22,December,4661
227,Monday,23,January,3464
228,Monday,23,February,2307
229,Monday,23,March,3986
230,Monday,23,April,4239
231,Monday,23,May,3196
232,Monday,23,June,2344
233,Monday,23,July,5416
234,Monday,23,September,7942
235,Monday,23,October,4456
236,Monday,23,November,8304
237,Monday,23,December,15226
238,Monday,24,February,6850
239,Monday,24,March,2076
240,Monday,24,April,4204
241,Monday,24,June,6757
242,Monday,24,July,4631
243,Monday,24,August,9565
244,Monday,24,September,5043
245,Monday,24,October,3173
246,Monday,24,November,2136
247,Monday,24,December,10464
248,Monday,25,January,10349
249,Monday,25,February,6980
250,Monday,25,March,7273
251,Monday,25,April,3062
252,Monday,25,May,7457
253,Monday,25,June,5304
254,Monday,25,July,3125
255,Monday,25,August,2524
256,Monday,25,September,4879
257,Monday,25,November,8025
258,Monday,25,December,830
259,Monday,26,January,2409
260,Monday,26,February,5172
261,Monday,26,March,5643
262,Monday,26,May,2716
263,Monday,26,June,4465
264,Monday,26,August,7679
265,Monday,26,September,3586
266,Monday,26,October,8913
267,Monday,26,November,5355
268,Monday,26,December,1934
269,Monday,27,January,7529
270,Monday,27,February,4008
271,Monday,27,March,4321
272,Monday,27,April,7062
273,Monday,27,May,8114
274,Monday,27,June,3754
275,Monday,27,July,10681
276,Monday,27,August,4999
277,Monday,27,October,2447
278,Monday,27,November,5212
279,Monday,28,January,7166
280,Monday,28,March,2379
281,Monday,28,April,2498
282,Monday,28,May,5393
283,Monday,28,July,2414
284,Monday,28,August,5900
285,Monday,28,September,9395
286,Monday,28,October,8350
287,Monday,28,November,3627
288,Monday,28,December,12112
289,Monday,29,January,4997
290,Monday,29,February,4850
291,Monday,29,April,9030
292,Monday,29,May,4924
293,Monday,29,June,9215
294,Monday,29,July,9002
295,Monday,29,August,3608
296,Monday,29,September,3102
297,Monday,29,October,5181
298,Monday,29,December,3596
299,Monday,30,January,4533
300,Monday,30,March,6374
301,Monday,30,April,6894
302,Monday,30,May,4036
303,Monday,30,June,4341
304,Monday,30,July,6603
305,Monday,30,September,11942
306,Monday,30,October,5884
307,Monday,30,November,12756
308,Monday,30,December,12669
309,Monday,31,March,4435
310,Monday,31,July,7165
311,Monday,31,August,13499
312,Monday,31,October,6776
313,Monday,31,December,9976
314,Tuesday,1,January,2264
315,Tuesday,1,March,5654
316,Tuesday,1,April,4700
317,Tuesday,1,May,3132
318,Tuesday,1,July,4880
319,Tuesday,1,August,7824
320,Tuesday,1,September,14109
321,Tuesday,1,October,13126
322,Tuesday,1,November,3197
323,Tuesday,1,December,14496
324,Tuesday,2,January,7086
325,Tuesday,2,February,5055
326,Tuesday,2,April,12340
327,Tuesday,2,May,8128
328,Tuesday,2,June,10618
329,Tuesday,2,July,12908
330,Tuesday,2,August,5833
331,Tuesday,2,September,4514
332,Tuesday,2,October,7951
333,Tuesday,2,December,4473
334,Tuesday,3,January,4728
335,Tuesday,3,February,3966
336,Tuesday,3,March,12375
337,Tuesday,3,April,8797
338,Tuesday,3,May,5965
339,Tuesday,3,June,4745
340,Tuesday,3,July,8046
341,Tuesday,3,September,11936
342,Tuesday,3,October,6709
343,Tuesday,3,November,13457
344,Tuesday,3,December,12328
345,Tuesday,4,February,11321
346,Tuesday,4,March,4020
347,Tuesday,4,April,6012
348,Tuesday,4,June,12044
349,Tuesday,4,July,7314
350,Tuesday,4,August,12768
351,Tuesday,4,September,7662
352,Tuesday,4,October,5767
353,Tuesday,4,November,3866
354,Tuesday,4,December,7714
355,Tuesday,5,January,12639
356,Tuesday,5,February,9915
357,Tuesday,5,March,10666
358,Tuesday,5,April,4955
359,Tuesday,5,May,11183
360,Tuesday,5,June,7557
361,Tuesday,5,July,5568
362,Tuesday,5,August,3908
363,Tuesday,5,September,6556
364,Tuesday,5,November,11872
365,Tuesday,5,December,6761
366,Tuesday,6,January,1923
367,Tuesday,6,February,6122
368,Tuesday,6,March,6678
369,Tuesday,6,May,4130
370,Tuesday,6,June,6606
371,Tuesday,6,August,12219
372,Tuesday,6,September,4927
373,Tuesday,6,October,11894
374,Tuesday,6,November,7152
375,Tuesday,6,December,3945
376,Tuesday,7,January,11695
377,Tuesday,7,February,4524
378,Tuesday,7,March,5063
379,Tuesday,7,April,7485
380,Tuesday,7,May,11153
381,Tuesday,7,June,4587
382,Tuesday,7,July,10501
383,Tuesday,7,August,6445
384,Tuesday,7,October,3030
385,Tuesday,7,November,5906
386,Tuesday,8,January,8560
387,Tuesday,8,March,3991
388,Tuesday,8,April,2809
389,Tuesday,8,May,6298
390,Tuesday,8,July,3079
391,Tuesday,8,August,5519
392,Tuesday,8,September,10017
393,Tuesday,8,October,9680
394,Tuesday,8,November,4040
395,Tuesday,8,December,6424
396,Tuesday,9,January,4948
397,Tuesday,9,February,3062
398,Tuesday,9,April,8549
399,Tuesday,9,May,5006
400,Tuesday,9,June,8406
401,Tuesday,9,July,8945
402,Tuesday,9,August,3893
403,Tuesday,9,September,2857
404,Tuesday,9,October,5762
405,Tuesday,9,December,3374
406,Tuesday,10,January,4777
407,Tuesday,10,February,3947
408,Tuesday,10,March,10691
409,Tuesday,10,April,6484
410,Tuesday,10,May,4395
411,Tuesday,10,June,4166
412,Tuesday,10,July,6034
413,Tuesday,10,September,11061
414,Tuesday,10,October,6179
415,Tuesday,10,November,10831
416,Tuesday,10,December,11319
417,Tuesday,11,February,9838
418,Tuesday,11,March,3487
419,Tuesday,11,April,5308
420,Tuesday,11,June,9822
421,Tuesday,11,July,5478
422,Tuesday,11,August,10265
423,Tuesday,11,September,5859
424,Tuesday,11,October,4202
425,Tuesday,11,November,3220
426,Tuesday,11,December,9979
427,Tuesday,12,January,10171
428,Tuesday,12,February,7982
429,Tuesday,12,March,8930
430,Tuesday,12,April,3798
431,Tuesday,12,May,8004
432,Tuesday,12,June,6782
433,Tuesday,12,July,4154
434,Tuesday,12,August,3267
435,Tuesday,12,September,5462
436,Tuesday,12,November,8793
437,Tuesday,12,December,5569
438,Tuesday,13,January,2840
439,Tuesday,13,February,4744
440,Tuesday,13,March,5157
441,Tuesday,13,May,3082
442,Tuesday,13,June,5032
443,Tuesday,13,August,8259
444,Tuesday,13,September,3632
445,Tuesday,13,October,11205
446,Tuesday,13,November,5573
447,Tuesday,13,December,4126
448,Tuesday,14,January,8033
449,Tuesday,14,February,4025
450,Tuesday,14,March,4371
451,Tuesday,14,April,6981
452,Tuesday,14,May,8225
453,Tuesday,14,June,3431
454,Tuesday,14,July,9137
455,Tuesday,14,August,5532
456,Tuesday,14,October,2751
457,Tuesday,14,November,4709
458,Tuesday,15,January,7321
459,Tuesday,15,March,3340
460,Tuesday,15,April,2946
461,Tuesday,15,May,5439
462,Tuesday,15,July,2826
463,Tuesday,15,August,2463
464,Tuesday,15,September,9398
465,Tuesday,15,October,8134
466,Tuesday,15,November,3661
467,Tuesday,15,December,10811
468,Tuesday,16,January,4937
469,Tuesday,16,February,2939
470,Tuesday,16,April,8201
471,Tuesday,16,May,4815
472,Tuesday,16,June,8071
473,Tuesday,16,July,8616
474,Tuesday,16,August,4068
475,Tuesday,16,September,2442
476,Tuesday,16,October,5643
477,Tuesday,16,December,3011
478,Tuesday,17,January,3581
479,Tuesday,17,February,2158
480,Tuesday,17,March,4651
481,Tuesday,17,April,5168
482,Tuesday,17,May,3398
483,Tuesday,17,June,2422
484,Tuesday,17,July,5461
485,Tuesday,17,September,7620
486,Tuesday,17,October,4391
487,Tuesday,17,November,8290
488,Tuesday,17,December,8840
489,Tuesday,18,February,7153
490,Tuesday,18,March,2261
491,Tuesday,18,April,4947
492,Tuesday,18,June,7870
493,Tuesday,18,July,4424
494,Tuesday,18,August,8734
495,Tuesday,18,September,5284
496,Tuesday,18,October,3146
497,Tuesday,18,November,2199
498,Tuesday,18,December,9333
499,Tuesday,19,January,9112
500,Tuesday,19,February,6174
501,Tuesday,19,March,6506
502,Tuesday,19,April,2931
503,Tuesday,19,May,7155
504,Tuesday,19,June,4534
505,Tuesday,19,July,3087
506,Tuesday,19,August,2356
507,Tuesday,19,September,4495
508,Tuesday,19,November,6810
509,Tuesday,19,December,5569
510,Tuesday,20,January,2100
511,Tuesday,20,February,4255
512,Tuesday,20,March,4593
513,Tuesday,20,May,2136
514,Tuesday,20,June,4507
515,Tuesday,20,August,7060
516,Tuesday,20,September,3095
517,Tuesday,20,October,7899
518,Tuesday,20,November,4512
519,Tuesday,20,December,4734
520,Tuesday,21,January,5879
521,Tuesday,21,February,3173
522,Tuesday,21,March,3831
523,Tuesday,21,April,5024
524,Tuesday,21,May,7025
525,Tuesday,21,June,2954
526,Tuesday,21,July,8122
527,Tuesday,21,August,4610
528,Tuesday,21,October,2050
529,Tuesday,21,November,3950
530,Tuesday,22,January,5412
531,Tuesday,22,March,3025
532,Tuesday,22,April,2164
533,Tuesday,22,May,4299
534,Tuesday,22,July,2184
535,Tuesday,22,August,4131
536,Tuesday,22,September,7707
537,Tuesday,22,October,6631
538,Tuesday,22,November,2820
539,Tuesday,22,December,14611
540,Tuesday,23,January,3769
541,Tuesday,23,February,2455
542,Tuesday,23,April,7633
543,Tuesday,23,May,4056
544,Tuesday,23,June,6520
545,Tuesday,23,July,6926
546,Tuesday,23,August,2762
547,Tuesday,23,September,2014
548,Tuesday,23,October,4544
549,Tuesday,23,December,4670
550,Tuesday,24,January,2973
551,Tuesday,24,February,1855
552,Tuesday,24,March,3525
553,Tuesday,24,April,3407
554,Tuesday,24,May,2599
555,Tuesday,24,June,1615
556,Tuesday,24,July,4140
557,Tuesday,24,September,6019
558,Tuesday,24,October,3425
559,Tuesday,24,November,7028
560,Tuesday,24,December,9153
561,Tuesday,25,February,6178
562,Tuesday,25,March,2112
563,Tuesday,25,April,3300
564,Tuesday,25,June,7917
565,Tuesday,25,July,4125
566,Tuesday,25,August,8435
567,Tuesday,25,September,4953
568,Tuesday,25,October,2959
569,Tuesday,25,November,2114
570,Tuesday,25,December,1860
571,Tuesday,26,January,8270
572,Tuesday,26,February,5875
573,Tuesday,26,March,6756
574,Tuesday,26,April,2883
575,Tuesday,26,May,6538
576,Tuesday,26,June,4575
577,Tuesday,26,July,3021
578,Tuesday,26,August,2080
579,Tuesday,26,September,3746
580,Tuesday,26,November,6460
581,Tuesday,26,December,3443
582,Tuesday,27,January,1996
583,Tuesday,27,February,4737
584,Tuesday,27,March,5490
585,Tuesday,27,May,2246
586,Tuesday,27,June,3985
587,Tuesday,27,August,6834
588,Tuesday,27,September,2946
589,Tuesday,27,October,7726
590,Tuesday,27,November,4364
591,Tuesday,27,December,3751
592,Tuesday,28,January,6444
593,Tuesday,28,February,4340
594,Tuesday,28,March,3602
595,Tuesday,28,April,6064
596,Tuesday,28,May,6209
597,Tuesday,28,June,3270
598,Tuesday,28,July,9266
599,Tuesday,28,August,4341
600,Tuesday,28,October,2154
601,Tuesday,28,November,4363
602,Tuesday,29,January,6419
603,Tuesday,29,March,3418
604,Tuesday,29,April,2772
605,Tuesday,29,May,4447
606,Tuesday,29,July,2269
607,Tuesday,29,August,5087
608,Tuesday,29,September,8974
609,Tuesday,29,October,7307
610,Tuesday,29,November,3392
611,Tuesday,29,December,12132
612,Tuesday,30,January,4790
613,Tuesday,30,April,11309
614,Tuesday,30,May,4941
615,Tuesday,30,June,10338
616,Tuesday,30,July,8667
617,Tuesday,30,August,3611
618,Tuesday,30,September,3499
619,Tuesday,30,October,5370
620,Tuesday,30,December,4059
621,Tuesday,31,January,4856
622,Tuesday,31,March,6748
623,Tuesday,31,May,4706
624,Tuesday,31,July,6824
625,Tuesday,31,October,6756
626,Tuesday,31,December,9150
627,Wednesday,1,January,2432
628,Wednesday,1,February,5891
629,Wednesday,1,March,6265
630,Wednesday,1,April,8305
631,Wednesday,1,May,6032
632,Wednesday,1,June,5754
633,Wednesday,1,July,12444
634,Wednesday,1,August,7334
635,Wednesday,1,October,4807
636,Wednesday,1,November,4493
637,Wednesday,2,January,11046
638,Wednesday,2,March,4941
639,Wednesday,2,April,4011
640,Wednesday,2,May,7794
641,Wednesday,2,July,4597
642,Wednesday,2,August,7109
643,Wednesday,2,September,13108
644,Wednesday,2,October,12182
645,Wednesday,2,November,6148
646,Wednesday,2,December,13207
647,Wednesday,3,January,6713
648,Wednesday,3,February,4203
649,Wednesday,3,April,10595
650,Wednesday,3,May,7151
651,Wednesday,3,June,11597
652,Wednesday,3,July,11155
653,Wednesday,3,August,4726
654,Wednesday,3,September,3807
655,Wednesday,3,October,7369
656,Wednesday,3,December,3684
657,Wednesday,4,January,4419
658,Wednesday,4,February,3156
659,Wednesday,4,March,10811
660,Wednesday,4,April,7617
661,Wednesday,4,May,5203
662,Wednesday,4,June,3803
663,Wednesday,4,July,7188
664,Wednesday,4,September,10942
665,Wednesday,4,October,6787
666,Wednesday,4,November,11984
667,Wednesday,4,December,10254
668,Wednesday,5,February,10195
669,Wednesday,5,March,3854
670,Wednesday,5,April,5477
671,Wednesday,5,June,10307
672,Wednesday,5,July,6173
673,Wednesday,5,August,11592
674,Wednesday,5,September,6847
675,Wednesday,5,October,5047
676,Wednesday,5,November,3712
677,Wednesday,5,December,6919
678,Wednesday,6,January,6473
679,Wednesday,6,February,8721
680,Wednesday,6,March,8846
681,Wednesday,6,April,4277
682,Wednesday,6,May,10141
683,Wednesday,6,June,6716
684,Wednesday,6,July,4017
685,Wednesday,6,August,3268
686,Wednesday,6,September,5615
687,Wednesday,6,November,10319
688,Wednesday,6,December,4701
689,Wednesday,7,January,3568
690,Wednesday,7,February,5721
691,Wednesday,7,March,6095
692,Wednesday,7,May,3466
693,Wednesday,7,June,5547
694,Wednesday,7,August,10409
695,Wednesday,7,September,4677
696,Wednesday,7,October,10384
697,Wednesday,7,November,6118
698,Wednesday,7,December,5142
699,Wednesday,8,January,8980
700,Wednesday,8,February,3794
701,Wednesday,8,March,4257
702,Wednesday,8,April,6605
703,Wednesday,8,May,9463
704,Wednesday,8,June,3753
705,Wednesday,8,July,9100
706,Wednesday,8,August,5828
707,Wednesday,8,October,2849
708,Wednesday,8,November,4839
709,Wednesday,9,January,7282
710,Wednesday,9,March,3223
711,Wednesday,9,April,2533
712,Wednesday,9,May,5778
713,Wednesday,9,July,2598
714,Wednesday,9,August,4823
715,Wednesday,9,September,9419
716,Wednesday,9,October,8205
717,Wednesday,9,November,3430
718,Wednesday,9,December,12032
719,Wednesday,10,January,5486
720,Wednesday,10,February,4287
721,Wednesday,10,April,10676
722,Wednesday,10,May,5544
723,Wednesday,10,June,9230
724,Wednesday,10,July,10264
725,Wednesday,10,August,4185
726,Wednesday,10,September,3675
727,Wednesday,10,October,6255
728,Wednesday,10,December,3956
729,Wednesday,11,January,3952
730,Wednesday,11,February,3111
731,Wednesday,11,March,8606
732,Wednesday,11,April,5847
733,Wednesday,11,May,4013
734,Wednesday,11,June,3212
735,Wednesday,11,July,5727
736,Wednesday,11,September,8800
737,Wednesday,11,October,5286
738,Wednesday,11,November,9352
739,Wednesday,11,December,9412
740,Wednesday,12,February,8243
741,Wednesday,12,March,2793
742,Wednesday,12,April,4675
743,Wednesday,12,June,8718
744,Wednesday,12,July,4801
745,Wednesday,12,August,9375
746,Wednesday,12,September,5761
747,Wednesday,12,October,2259
748,Wednesday,12,November,2764
749,Wednesday,12,December,8233
750,Wednesday,13,January,9371
751,Wednesday,13,February,7227
752,Wednesday,13,March,7609
753,Wednesday,13,April,3160
754,Wednesday,13,May,7480
755,Wednesday,13,June,6049
756,Wednesday,13,July,3405
757,Wednesday,13,August,2721
758,Wednesday,13,September,4857
759,Wednesday,13,November,7885
760,Wednesday,13,December,4834
761,Wednesday,14,January,2392
762,Wednesday,14,February,4528
763,Wednesday,14,March,4679
764,Wednesday,14,May,2642
765,Wednesday,14,June,4546
766,Wednesday,14,August,7815
767,Wednesday,14,September,3224
768,Wednesday,14,October,9004
769,Wednesday,14,November,5279
770,Wednesday,14,December,3595
771,Wednesday,15,January,7786
772,Wednesday,15,February,3555
773,Wednesday,15,March,4099
774,Wednesday,15,April,6289
775,Wednesday,15,May,7493
776,Wednesday,15,June,3302
777,Wednesday,15,July,9292
778,Wednesday,15,August,3068
779,Wednesday,15,October,2297
780,Wednesday,15,November,4804
781,Wednesday,16,January,6669
782,Wednesday,16,March,2863
783,Wednesday,16,April,2580
784,Wednesday,16,May,5047
785,Wednesday,16,July,2423
786,Wednesday,16,August,5201
787,Wednesday,16,September,8970
788,Wednesday,16,October,7712
789,Wednesday,16,November,3137
790,Wednesday,16,December,10519
791,Wednesday,17,January,4443
792,Wednesday,17,February,2690
793,Wednesday,17,April,7539
794,Wednesday,17,May,4037
795,Wednesday,17,June,7259
796,Wednesday,17,July,7486
797,Wednesday,17,August,3181
798,Wednesday,17,September,2170
799,Wednesday,17,October,4930
800,Wednesday,17,December,2664
801,Wednesday,18,January,3048
802,Wednesday,18,February,1990
803,Wednesday,18,March,4097
804,Wednesday,18,April,4241
805,Wednesday,18,May,2849
806,Wednesday,18,June,2121
807,Wednesday,18,July,4832
808,Wednesday,18,September,7089
809,Wednesday,18,October,3880
810,Wednesday,18,November,7516
811,Wednesday,18,December,8662
812,Wednesday,19,February,6399
813,Wednesday,19,March,2031
814,Wednesday,19,April,3863
815,Wednesday,19,June,6816
816,Wednesday,19,July,3908
817,Wednesday,19,August,7935
818,Wednesday,19,September,4573
819,Wednesday,19,October,2867
820,Wednesday,19,November,2014
821,Wednesday,19,December,9187
822,Wednesday,20,January,8243
823,Wednesday,20,February,5780
824,Wednesday,20,March,6784
825,Wednesday,20,April,2633
826,Wednesday,20,May,7047
827,Wednesday,20,June,4107
828,Wednesday,20,July,2689
829,Wednesday,20,August,1931
830,Wednesday,20,September,4102
831,Wednesday,20,November,6660
832,Wednesday,20,December,5984
833,Wednesday,21,January,1824
834,Wednesday,21,February,3857
835,Wednesday,21,March,4055
836,Wednesday,21,May,1783
837,Wednesday,21,June,4166
838,Wednesday,21,August,6215
839,Wednesday,21,September,2656
840,Wednesday,21,October,7248
841,Wednesday,21,November,4202
842,Wednesday,21,December,4793
843,Wednesday,22,January,5089
844,Wednesday,22,February,2964
845,Wednesday,22,March,3239
846,Wednesday,22,April,5332
847,Wednesday,22,May,6459
848,Wednesday,22,June,2637
849,Wednesday,22,July,7679
850,Wednesday,22,August,3928
851,Wednesday,22,October,1793
852,Wednesday,22,November,3268
853,Wednesday,23,January,5053
854,Wednesday,23,March,2561
855,Wednesday,23,April,1814
856,Wednesday,23,May,4027
857,Wednesday,23,July,1997
858,Wednesday,23,August,3813
859,Wednesday,23,September,6751
860,Wednesday,23,October,6165
861,Wednesday,23,November,2503
862,Wednesday,23,December,15732
863,Wednesday,24,January,3664
864,Wednesday,24,February,2237
865,Wednesday,24,April,6338
866,Wednesday,24,May,3579
867,Wednesday,24,June,5198
868,Wednesday,24,July,6222
869,Wednesday,24,August,2495
870,Wednesday,24,September,1673
871,Wednesday,24,October,4355
872,Wednesday,24,December,2962
873,Wednesday,25,January,3037
874,Wednesday,25,February,1944
875,Wednesday,25,March,3559
876,Wednesday,25,April,3193
877,Wednesday,25,May,2871
878,Wednesday,25,June,2243
879,Wednesday,25,July,4236
880,Wednesday,25,September,5756
881,Wednesday,25,October,3817
882,Wednesday,25,November,7333
883,Wednesday,25,December,1759
884,Wednesday,26,February,6405
885,Wednesday,26,March,1926
886,Wednesday,26,April,3760
887,Wednesday,26,June,6997
888,Wednesday,26,July,3953
889,Wednesday,26,August,7540
890,Wednesday,26,September,4398
891,Wednesday,26,October,2688
892,Wednesday,26,November,2112
893,Wednesday,26,December,6379
894,Wednesday,27,January,2441
895,Wednesday,27,February,6396
896,Wednesday,27,March,6367
897,Wednesday,27,April,2705
898,Wednesday,27,May,6339
899,Wednesday,27,June,4238
900,Wednesday,27,July,2996
901,Wednesday,27,August,2019
902,Wednesday,27,September,3639
903,Wednesday,27,November,6201
904,Wednesday,27,December,5149
905,Wednesday,28,January,1589
906,Wednesday,28,February,6354
907,Wednesday,28,March,5562
908,Wednesday,28,May,2054
909,Wednesday,28,June,4352
910,Wednesday,28,August,6400
911,Wednesday,28,September,2967
912,Wednesday,28,October,7650
913,Wednesday,28,November,4359
914,Wednesday,28,December,3616
915,Wednesday,29,January,6490
916,Wednesday,29,March,3534
917,Wednesday,29,April,6889
918,Wednesday,29,May,6950
919,Wednesday,29,June,3450
920,Wednesday,29,July,8832
921,Wednesday,29,August,4665
922,Wednesday,29,October,2328
923,Wednesday,29,November,4474
924,Wednesday,30,January,7005
925,Wednesday,30,March,3717
926,Wednesday,30,April,3908
927,Wednesday,30,May,4977
928,Wednesday,30,July,2719
929,Wednesday,30,August,5130
930,Wednesday,30,September,11192
931,Wednesday,30,October,8122
932,Wednesday,30,November,4387
933,Wednesday,30,December,14724
934,Wednesday,31,January,6308
935,Wednesday,31,May,6340
936,Wednesday,31,July,10507
937,Wednesday,31,August,4369
938,Wednesday,31,October,6758
939,Wednesday,31,December,3248
940,Thursday,1,January,694
941,Thursday,1,February,6689
942,Thursday,1,March,7209
943,Thursday,1,May,1897
944,Thursday,1,June,7543
945,Thursday,1,August,12397
946,Thursday,1,September,5388
947,Thursday,1,October,14654
948,Thursday,1,November,4852
949,Thursday,1,December,5337
950,Thursday,2,January,10891
951,Thursday,2,February,5456
952,Thursday,2,March,6092
953,Thursday,2,April,6385
954,Thursday,2,May,13547
955,Thursday,2,June,5317
956,Thursday,2,July,12389
957,Thursday,2,August,7181
958,Thursday,2,October,4639
959,Thursday,2,November,7435
960,Thursday,3,January,10246
961,Thursday,3,March,4664
962,Thursday,3,April,3747
963,Thursday,3,May,7349
964,Thursday,3,July,3980
965,Thursday,3,August,6700
966,Thursday,3,September,12024
967,Thursday,3,October,11449
968,Thursday,3,November,5313
969,Thursday,3,December,13582
970,Thursday,4,January,5965
971,Thursday,4,February,4359
972,Thursday,4,April,9845
973,Thursday,4,May,6126
974,Thursday,4,June,10832
975,Thursday,4,July,10245
976,Thursday,4,August,4444
977,Thursday,4,September,3432
978,Thursday,4,October,6059
979,Thursday,4,December,3479
980,Thursday,5,January,4401
981,Thursday,5,February,3311
982,Thursday,5,March,10281
983,Thursday,5,April,7012
984,Thursday,5,May,4885
985,Thursday,5,June,3597
986,Thursday,5,July,6764
987,Thursday,5,September,10735
988,Thursday,5,October,6102
989,Thursday,5,November,12165
990,Thursday,5,December,11278
991,Thursday,6,February,9597
992,Thursday,6,March,3462
993,Thursday,6,April,4900
994,Thursday,6,June,9619
995,Thursday,6,July,5772
996,Thursday,6,August,11109
997,Thursday,6,September,6481
998,Thursday,6,October,4322
999,Thursday,6,November,3250
1000,Thursday,6,December,5575
1001,Thursday,7,January,13598
1002,Thursday,7,February,7927
1003,Thursday,7,March,8708
1004,Thursday,7,April,3789
1005,Thursday,7,May,9253
1006,Thursday,7,June,6289
1007,Thursday,7,July,4011
1008,Thursday,7,August,2912
1009,Thursday,7,September,5150
1010,Thursday,7,November,10057
1011,Thursday,7,December,6020
1012,Thursday,8,January,2877
1013,Thursday,8,February,4947
1014,Thursday,8,March,5250
1015,Thursday,8,May,3430
1016,Thursday,8,June,4983
1017,Thursday,8,August,9672
1018,Thursday,8,September,4083
1019,Thursday,8,October,10012
1020,Thursday,8,November,5427
1021,Thursday,8,December,2775
1022,Thursday,9,January,8169
1023,Thursday,9,February,3792
1024,Thursday,9,March,4013
1025,Thursday,9,April,5190
1026,Thursday,9,May,9061
1027,Thursday,9,June,3304
1028,Thursday,9,July,9207
1029,Thursday,9,August,5384
1030,Thursday,9,October,2476
1031,Thursday,9,November,4610
1032,Thursday,10,January,9527
1033,Thursday,10,March,4163
1034,Thursday,10,April,3933
1035,Thursday,10,May,6455
1036,Thursday,10,July,3558
1037,Thursday,10,August,5415
1038,Thursday,10,September,10687
1039,Thursday,10,October,10963
1040,Thursday,10,November,4053
1041,Thursday,10,December,11650
1042,Thursday,11,January,4741
1043,Thursday,11,February,3592
1044,Thursday,11,April,8868
1045,Thursday,11,May,5210
1046,Thursday,11,June,8295
1047,Thursday,11,July,9192
1048,Thursday,11,August,3703
1049,Thursday,11,September,2698
1050,Thursday,11,October,6018
1051,Thursday,11,December,3300
1052,Thursday,12,January,3776
1053,Thursday,12,February,2600
1054,Thursday,12,March,6638
1055,Thursday,12,April,5415
1056,Thursday,12,May,3519
1057,Thursday,12,June,2692
1058,Thursday,12,July,5118
1059,Thursday,12,September,8659
1060,Thursday,12,October,3602
1061,Thursday,12,November,8569
1062,Thursday,12,December,8632
1063,Thursday,13,February,7794
1064,Thursday,13,March,2607
1065,Thursday,13,April,3191
1066,Thursday,13,June,8213
1067,Thursday,13,July,4486
1068,Thursday,13,August,9037
1069,Thursday,13,September,5274
1070,Thursday,13,October,3736
1071,Thursday,13,November,2497
1072,Thursday,13,December,8029
1073,Thursday,14,January,8990
1074,Thursday,14,February,6254
1075,Thursday,14,March,7241
1076,Thursday,14,April,2976
1077,Thursday,14,May,6812
1078,Thursday,14,June,5896
1079,Thursday,14,July,3215
1080,Thursday,14,August,2572
1081,Thursday,14,September,4291
1082,Thursday,14,November,7438
1083,Thursday,14,December,4687
1084,Thursday,15,January,2300
1085,Thursday,15,February,4426
1086,Thursday,15,March,4887
1087,Thursday,15,May,2218
1088,Thursday,15,June,4421
1089,Thursday,15,August,4139
1090,Thursday,15,September,3261
1091,Thursday,15,October,8913
1092,Thursday,15,November,5168
1093,Thursday,15,December,3708
1094,Thursday,16,January,7794
1095,Thursday,16,February,3676
1096,Thursday,16,March,3846
1097,Thursday,16,April,6084
1098,Thursday,16,May,7452
1099,Thursday,16,June,3128
1100,Thursday,16,July,8832
1101,Thursday,16,August,6055
1102,Thursday,16,October,2242
1103,Thursday,16,November,4191
1104,Thursday,17,January,6156
1105,Thursday,17,March,2901
1106,Thursday,17,April,1466
1107,Thursday,17,May,4472
1108,Thursday,17,July,2286
1109,Thursday,17,August,4281
1110,Thursday,17,September,8100
1111,Thursday,17,October,6618
1112,Thursday,17,November,2974
1113,Thursday,17,December,11261
1114,Thursday,18,January,3945
1115,Thursday,18,February,2471
1116,Thursday,18,April,5748
1117,Thursday,18,May,3917
1118,Thursday,18,June,6997
1119,Thursday,18,July,7040
1120,Thursday,18,August,2925
1121,Thursday,18,September,2024
1122,Thursday,18,October,4415
1123,Thursday,18,December,2779
1124,Thursday,19,January,2844
1125,Thursday,19,February,1893
1126,Thursday,19,March,3485
1127,Thursday,19,April,3800
1128,Thursday,19,May,2735
1129,Thursday,19,June,1874
1130,Thursday,19,July,4510
1131,Thursday,19,September,6809
1132,Thursday,19,October,3828
1133,Thursday,19,November,7149
1134,Thursday,19,December,8962
1135,Thursday,20,February,6178
1136,Thursday,20,March,2050
1137,Thursday,20,April,3615
1138,Thursday,20,June,6374
1139,Thursday,20,July,3840
1140,Thursday,20,August,7851
1141,Thursday,20,September,4245
1142,Thursday,20,October,2523
1143,Thursday,20,November,1885
1144,Thursday,20,December,10387
1145,Thursday,21,January,8108
1146,Thursday,21,February,5363
1147,Thursday,21,March,6077
1148,Thursday,21,April,2533
1149,Thursday,21,May,7083
1150,Thursday,21,June,3898
1151,Thursday,21,July,2700
1152,Thursday,21,August,1923
1153,Thursday,21,September,3616
1154,Thursday,21,November,6301
1155,Thursday,21,December,6410
1156,Thursday,22,January,1836
1157,Thursday,22,February,3605
1158,Thursday,22,March,3995
1159,Thursday,22,May,1881
1160,Thursday,22,June,4239
1161,Thursday,22,August,6051
1162,Thursday,22,September,2718
1163,Thursday,22,October,7004
1164,Thursday,22,November,4159
1165,Thursday,22,December,5082
1166,Thursday,23,January,6109
1167,Thursday,23,February,2836
1168,Thursday,23,March,2955
1169,Thursday,23,April,4978
1170,Thursday,23,May,6174
1171,Thursday,23,June,2681
1172,Thursday,23,July,7793
1173,Thursday,23,August,3685
1174,Thursday,23,October,1829
1175,Thursday,23,November,3578
1176,Thursday,24,January,5002
1177,Thursday,24,March,1595
1178,Thursday,24,April,1867
1179,Thursday,24,May,3868
1180,Thursday,24,July,2065
1181,Thursday,24,August,3769
1182,Thursday,24,September,6590
1183,Thursday,24,October,6145
1184,Thursday,24,November,2511
1185,Thursday,24,December,10528
1186,Thursday,25,January,3973
1187,Thursday,25,February,2610
1188,Thursday,25,April,5883
1189,Thursday,25,May,4177
1190,Thursday,25,June,6959
1191,Thursday,25,July,6585
1192,Thursday,25,August,2659
1193,Thursday,25,September,2050
1194,Thursday,25,October,4675
1195,Thursday,25,December,631
1196,Thursday,26,January,2882
1197,Thursday,26,February,2247
1198,Thursday,26,March,3373
1199,Thursday,26,April,3921
1200,Thursday,26,May,2904
1201,Thursday,26,June,2120
1202,Thursday,26,July,4429
1203,Thursday,26,September,6732
1204,Thursday,26,October,3958
1205,Thursday,26,November,7591
1206,Thursday,26,December,6052
1207,Thursday,27,February,7421
1208,Thursday,27,March,2033
1209,Thursday,27,April,3854
1210,Thursday,27,June,6863
1211,Thursday,27,July,3950
1212,Thursday,27,August,8115
1213,Thursday,27,September,4456
1214,Thursday,27,October,2863
1215,Thursday,27,November,2165
1216,Thursday,27,December,8627
1217,Thursday,28,January,2645
1218,Thursday,28,February,8639
1219,Thursday,28,March,6153
1220,Thursday,28,April,3015
1221,Thursday,28,May,7051
1222,Thursday,28,June,4435
1223,Thursday,28,July,3182
1224,Thursday,28,August,2120
1225,Thursday,28,September,4153
1226,Thursday,28,November,7111
1227,Thursday,28,December,6081
1228,Thursday,29,January,1883
1229,Thursday,29,March,4691
1230,Thursday,29,May,2442
1231,Thursday,29,June,4804
1232,Thursday,29,August,7240
1233,Thursday,29,September,3452
1234,Thursday,29,October,8551
1235,Thursday,29,November,5351
1236,Thursday,29,December,4192
1237,Thursday,30,January,7707
1238,Thursday,30,March,3908
1239,Thursday,30,April,9438
1240,Thursday,30,May,8229
1241,Thursday,30,June,4477
1242,Thursday,30,July,10057
1243,Thursday,30,August,5540
1244,Thursday,30,October,2823
1245,Thursday,30,November,5645
1246,Thursday,31,January,9411
1247,Thursday,31,March,4543
1248,Thursday,31,May,5949
1249,Thursday,31,July,3516
1250,Thursday,31,August,5923
1251,Thursday,31,October,11447
1252,Thursday,31,December,11563
1253,Friday,1,January,1686
1254,Friday,1,February,10801
1255,Friday,1,March,11778
1256,Friday,1,April,5189
1257,Friday,1,May,3863
1258,Friday,1,June,7288
1259,Friday,1,July,5998
1260,Friday,1,August,4340
1261,Friday,1,September,7033
1262,Friday,1,November,7512
1263,Friday,1,December,6361
1264,Friday,2,January,3308
1265,Friday,2,February,6903
1266,Friday,2,March,7665
1267,Friday,2,May,4305
1268,Friday,2,June,6233
1269,Friday,2,August,12228
1270,Friday,2,September,5419
1271,Friday,2,October,12929
1272,Friday,2,November,7490
1273,Friday,2,December,5236
1274,Friday,3,January,10162
1275,Friday,3,February,5140
1276,Friday,3,March,5505
1277,Friday,3,April,4816
1278,Friday,3,May,12254
1279,Friday,3,June,4870
1280,Friday,3,July,11232
1281,Friday,3,August,6897
1282,Friday,3,October,3940
1283,Friday,3,November,6955
1284,Friday,4,January,9178
1285,Friday,4,March,4215
1286,Friday,4,April,3398
1287,Friday,4,May,6601
1288,Friday,4,July,3236
1289,Friday,4,August,6075
1290,Friday,4,September,11191
1291,Friday,4,October,9955
1292,Friday,4,November,4635
1293,Friday,4,December,12232
1294,Friday,5,January,5849
1295,Friday,5,February,4052
1296,Friday,5,April,9419
1297,Friday,5,May,5782
1298,Friday,5,June,10125
1299,Friday,5,July,9745
1300,Friday,5,August,4168
1301,Friday,5,September,3078
1302,Friday,5,October,6322
1303,Friday,5,December,3428
1304,Friday,6,January,2154
1305,Friday,6,February,2817
1306,Friday,6,March,9892
1307,Friday,6,April,5947
1308,Friday,6,May,4489
1309,Friday,6,June,3186
1310,Friday,6,July,5887
1311,Friday,6,September,9672
1312,Friday,6,October,5487
1313,Friday,6,November,10413
1314,Friday,6,December,7340
1315,Friday,7,February,8676
1316,Friday,7,March,3063
1317,Friday,7,April,4645
1318,Friday,7,June,8509
1319,Friday,7,July,5315
1320,Friday,7,August,9929
1321,Friday,7,September,6153
1322,Friday,7,October,3900
1323,Friday,7,November,2735
1324,Friday,7,December,6110
1325,Friday,8,January,10700
1326,Friday,8,February,7432
1327,Friday,8,March,7115
1328,Friday,8,April,3419
1329,Friday,8,May,8690
1330,Friday,8,June,5808
1331,Friday,8,July,3621
1332,Friday,8,August,2839
1333,Friday,8,September,5135
1334,Friday,8,November,8491
1335,Friday,8,December,3083
1336,Friday,9,January,2590
1337,Friday,9,February,4957
1338,Friday,9,March,5077
1339,Friday,9,May,3081
1340,Friday,9,June,4673
1341,Friday,9,August,9284
1342,Friday,9,September,3962
1343,Friday,9,October,9107
1344,Friday,9,November,5340
1345,Friday,9,December,4521
1346,Friday,10,January,9342
1347,Friday,10,February,4312
1348,Friday,10,March,4701
1349,Friday,10,April,5106
1350,Friday,10,May,11713
1351,Friday,10,June,3963
1352,Friday,10,July,9042
1353,Friday,10,August,5740
1354,Friday,10,October,3417
1355,Friday,10,November,5314
1356,Friday,11,January,7810
1357,Friday,11,March,3431
1358,Friday,11,April,3026
1359,Friday,11,May,6367
1360,Friday,11,July,2886
1361,Friday,11,August,4860
1362,Friday,11,September,9090
1363,Friday,11,October,8992
1364,Friday,11,November,3473
1365,Friday,11,December,9898
1366,Friday,12,January,4576
1367,Friday,12,February,3101
1368,Friday,12,April,8029
1369,Friday,12,May,4994
1370,Friday,12,June,7357
1371,Friday,12,July,8228
1372,Friday,12,August,3266
1373,Friday,12,September,2835
1374,Friday,12,October,4117
1375,Friday,12,December,2749
1376,Friday,13,January,3389
1377,Friday,13,February,2343
1378,Friday,13,March,7097
1379,Friday,13,April,4956
1380,Friday,13,May,3150
1381,Friday,13,June,2549
1382,Friday,13,July,4822
1383,Friday,13,September,7886
1384,Friday,13,October,4912
1385,Friday,13,November,8289
1386,Friday,13,December,7655
1387,Friday,14,February,7205
1388,Friday,14,March,2397
1389,Friday,14,April,1568
1390,Friday,14,June,8369
1391,Friday,14,July,4358
1392,Friday,14,August,8845
1393,Friday,14,September,5249
1394,Friday,14,October,3381
1395,Friday,14,November,2299
1396,Friday,14,December,8100
1397,Friday,15,January,9117
1398,Friday,15,February,6427
1399,Friday,15,March,7432
1400,Friday,15,April,2782
1401,Friday,15,May,6508
1402,Friday,15,June,4253
1403,Friday,15,July,3430
1404,Friday,15,August,1507
1405,Friday,15,September,4272
1406,Friday,15,November,7260
1407,Friday,15,December,4798
1408,Friday,16,January,2243
1409,Friday,16,February,4478
1410,Friday,16,March,4708
1411,Friday,16,May,2256
1412,Friday,16,June,4612
1413,Friday,16,August,7766
1414,Friday,16,September,2943
1415,Friday,16,October,8304
1416,Friday,16,November,5220
1417,Friday,16,December,3334
1418,Friday,17,January,6913
1419,Friday,17,February,3120
1420,Friday,17,March,3362
1421,Friday,17,April,5517
1422,Friday,17,May,6765
1423,Friday,17,June,3126
1424,Friday,17,July,7664
1425,Friday,17,August,5207
1426,Friday,17,October,1977
1427,Friday,17,November,3923
1428,Friday,18,January,6164
1429,Friday,18,March,2621
1430,Friday,18,April,662
1431,Friday,18,May,4296
1432,Friday,18,July,2212
1433,Friday,18,August,4068
1434,Friday,18,September,7765
1435,Friday,18,October,6469
1436,Friday,18,November,2670
1437,Friday,18,December,11084
1438,Friday,19,January,3978
1439,Friday,19,February,2300
1440,Friday,19,April,4211
1441,Friday,19,May,3825
1442,Friday,19,June,6743
1443,Friday,19,July,6539
1444,Friday,19,August,2779
1445,Friday,19,September,1879
1446,Friday,19,October,4474
1447,Friday,19,December,2785
1448,Friday,20,January,2780
1449,Friday,20,February,1764
1450,Friday,20,March,3790
1451,Friday,20,April,3686
1452,Friday,20,May,2621
1453,Friday,20,June,2002
1454,Friday,20,July,4257
1455,Friday,20,September,6658
1456,Friday,20,October,3889
1457,Friday,20,November,7210
1458,Friday,20,December,9920
1459,Friday,21,February,6112
1460,Friday,21,March,1797
1461,Friday,21,April,3560
1462,Friday,21,June,6313
1463,Friday,21,July,3790
1464,Friday,21,August,7150
1465,Friday,21,September,4519
1466,Friday,21,October,2563
1467,Friday,21,November,1784
1468,Friday,21,December,11730
1469,Friday,22,January,7256
1470,Friday,22,February,5356
1471,Friday,22,March,6097
1472,Friday,22,April,2404
1473,Friday,22,May,6395
1474,Friday,22,June,4098
1475,Friday,22,July,2577
1476,Friday,22,August,1829
1477,Friday,22,September,3524
1478,Friday,22,November,5447
1479,Friday,22,December,7155
1480,Friday,23,January,1665
1481,Friday,23,February,3435
1482,Friday,23,March,4024
1483,Friday,23,May,1799
1484,Friday,23,June,4333
1485,Friday,23,August,5623
1486,Friday,23,September,2562
1487,Friday,23,October,6881
1488,Friday,23,November,3743
1489,Friday,23,December,6046
1490,Friday,24,January,5836
1491,Friday,24,February,2944
1492,Friday,24,March,2775
1493,Friday,24,April,4912
1494,Friday,24,May,6483
1495,Friday,24,June,1965
1496,Friday,24,July,7569
1497,Friday,24,August,3645
1498,Friday,24,October,1725
1499,Friday,24,November,3428
1500,Friday,25,January,5635
1501,Friday,25,March,776
1502,Friday,25,April,2012
1503,Friday,25,May,4463
1504,Friday,25,July,2292
1505,Friday,25,August,4132
1506,Friday,25,September,7013
1507,Friday,25,October,6385
1508,Friday,25,November,2819
1509,Friday,25,December,1398
1510,Friday,26,January,4090
1511,Friday,26,February,2728
1512,Friday,26,April,7106
1513,Friday,26,May,4386
1514,Friday,26,June,6840
1515,Friday,26,July,6602
1516,Friday,26,August,2603
1517,Friday,26,September,2091
1518,Friday,26,October,4574
1519,Friday,26,December,1876
1520,Friday,27,January,2753
1521,Friday,27,February,3044
1522,Friday,27,March,4088
1523,Friday,27,April,4345
1524,Friday,27,May,2763
1525,Friday,27,June,2261
1526,Friday,27,July,4618
1527,Friday,27,September,6866
1528,Friday,27,October,3620
1529,Friday,27,November,8074
1530,Friday,27,December,8429
1531,Friday,28,February,10087
1532,Friday,28,March,2390
1533,Friday,28,April,5089
1534,Friday,28,June,8675
1535,Friday,28,July,4588
1536,Friday,28,August,8831
1537,Friday,28,September,5524
1538,Friday,28,October,3787
1539,Friday,28,November,2770
1540,Friday,28,December,9868
1541,Friday,29,January,3444
1542,Friday,29,March,6319
1543,Friday,29,April,4180
1544,Friday,29,May,8754
1545,Friday,29,June,6150
1546,Friday,29,July,4095
1547,Friday,29,August,2704
1548,Friday,29,September,5463
1549,Friday,29,November,8712
1550,Friday,29,December,8110
1551,Friday,30,January,2668
1552,Friday,30,March,2583
1553,Friday,30,May,3198
1554,Friday,30,June,6672
1555,Friday,30,August,8778
1556,Friday,30,September,4927
1557,Friday,30,October,10522
1558,Friday,30,November,6634
1559,Friday,30,December,5016
1560,Friday,31,January,10055
1561,Friday,31,March,6018
1562,Friday,31,May,10852
1563,Friday,31,July,10454
1564,Friday,31,August,7171
1565,Friday,31,October,3880
1566,Saturday,1,February,9226
1567,Saturday,1,March,3113
1568,Saturday,1,April,4834
1569,Saturday,1,June,9855
1570,Saturday,1,July,5770
1571,Saturday,1,August,10517
1572,Saturday,1,September,6304
1573,Saturday,1,October,3932
1574,Saturday,1,November,2588
1575,Saturday,1,December,6530
1576,Saturday,2,January,8309
1577,Saturday,2,February,8898
1578,Saturday,2,March,9309
1579,Saturday,2,April,4089
1580,Saturday,2,May,7690
1581,Saturday,2,June,6082
1582,Saturday,2,July,4409
1583,Saturday,2,August,3020
1584,Saturday,2,September,5252
1585,Saturday,2,November,8914
1586,Saturday,2,December,5739
1587,Saturday,3,January,2301
1588,Saturday,3,February,5661
1589,Saturday,3,March,6776
1590,Saturday,3,May,2590
1591,Saturday,3,June,5117
1592,Saturday,3,August,9419
1593,Saturday,3,September,3727
1594,Saturday,3,October,11588
1595,Saturday,3,November,6026
1596,Saturday,3,December,3879
1597,Saturday,4,January,7807
1598,Saturday,4,February,3735
1599,Saturday,4,March,3956
1600,Saturday,4,April,4552
1601,Saturday,4,May,9191
1602,Saturday,4,June,3075
1603,Saturday,4,July,9190
1604,Saturday,4,August,4910
1605,Saturday,4,October,2758
1606,Saturday,4,November,5401
1607,Saturday,5,January,6776
1608,Saturday,5,March,3097
1609,Saturday,5,April,2403
1610,Saturday,5,May,5540
1611,Saturday,5,July,2463
1612,Saturday,5,August,4494
1613,Saturday,5,September,9561
1614,Saturday,5,October,8254
1615,Saturday,5,November,3383
1616,Saturday,5,December,10627
1617,Saturday,6,January,3418
1618,Saturday,6,February,2914
1619,Saturday,6,April,7612
1620,Saturday,6,May,4106
1621,Saturday,6,June,7479
1622,Saturday,6,July,7439
1623,Saturday,6,August,2692
1624,Saturday,6,September,2151
1625,Saturday,6,October,5122
1626,Saturday,6,December,2111
1627,Saturday,7,January,2692
1628,Saturday,7,February,2297
1629,Saturday,7,March,8052
1630,Saturday,7,April,4832
1631,Saturday,7,May,3125
1632,Saturday,7,June,2179
1633,Saturday,7,July,4808
1634,Saturday,7,September,7532
1635,Saturday,7,October,4238
1636,Saturday,7,November,8651
1637,Saturday,7,December,7154
1638,Saturday,8,February,7197
1639,Saturday,8,March,2229
1640,Saturday,8,April,3623
1641,Saturday,8,June,6891
1642,Saturday,8,July,3818
1643,Saturday,8,August,8082
1644,Saturday,8,September,4856
1645,Saturday,8,October,2779
1646,Saturday,8,November,1967
1647,Saturday,8,December,3808
1648,Saturday,9,January,7653
1649,Saturday,9,February,5863
1650,Saturday,9,March,6245
1651,Saturday,9,April,2436
1652,Saturday,9,May,7335
1653,Saturday,9,June,4533
1654,Saturday,9,July,2409
1655,Saturday,9,August,1894
1656,Saturday,9,September,4022
1657,Saturday,9,November,6703
1658,Saturday,9,December,4115
1659,Saturday,10,January,2240
1660,Saturday,10,February,4659
1661,Saturday,10,March,4790
1662,Saturday,10,May,2867
1663,Saturday,10,June,3562
1664,Saturday,10,August,7966
1665,Saturday,10,September,2897
1666,Saturday,10,October,8159
1667,Saturday,10,November,4936
1668,Saturday,10,December,3347
1669,Saturday,11,January,6728
1670,Saturday,11,February,2835
1671,Saturday,11,March,2985
1672,Saturday,11,April,4230
1673,Saturday,11,May,8187
1674,Saturday,11,June,2544
1675,Saturday,11,July,6832
1676,Saturday,11,August,4335
1677,Saturday,11,October,2040
1678,Saturday,11,November,4026
1679,Saturday,12,January,5925
1680,Saturday,12,March,2189
1681,Saturday,12,April,2018
1682,Saturday,12,May,5051
1683,Saturday,12,July,1838
1684,Saturday,12,August,3316
1685,Saturday,12,September,7771
1686,Saturday,12,October,6536
1687,Saturday,12,November,2412
1688,Saturday,12,December,8366
1689,Saturday,13,January,3764
1690,Saturday,13,February,2413
1691,Saturday,13,April,6200
1692,Saturday,13,May,3720
1693,Saturday,13,June,6068
1694,Saturday,13,July,6106
1695,Saturday,13,August,1995
1696,Saturday,13,September,1736
1697,Saturday,13,October,4254
1698,Saturday,13,December,1963
1699,Saturday,14,January,2464
1700,Saturday,14,February,1678
1701,Saturday,14,March,4973
1702,Saturday,14,April,4049
1703,Saturday,14,May,2098
1704,Saturday,14,June,1723
1705,Saturday,14,July,3658
1706,Saturday,14,September,6397
1707,Saturday,14,October,3654
1708,Saturday,14,November,7280
1709,Saturday,14,December,6838
1710,Saturday,15,February,5877
1711,Saturday,15,March,1748
1712,Saturday,15,April,2172
1713,Saturday,15,June,6842
1714,Saturday,15,July,3402
1715,Saturday,15,August,4966
1716,Saturday,15,September,4443
1717,Saturday,15,October,2411
1718,Saturday,15,November,1614
1719,Saturday,15,December,6708
1720,Saturday,16,January,8150
1721,Saturday,16,February,5144
1722,Saturday,16,March,5840
1723,Saturday,16,April,1918
1724,Saturday,16,May,5571
1725,Saturday,16,June,3473
1726,Saturday,16,July,2350
1727,Saturday,16,August,1429
1728,Saturday,16,September,3556
1729,Saturday,16,November,5923
1730,Saturday,16,December,4133
1731,Saturday,17,January,1661
1732,Saturday,17,February,3601
1733,Saturday,17,March,3706
1734,Saturday,17,May,1447
1735,Saturday,17,June,3408
1736,Saturday,17,August,4792
1737,Saturday,17,September,2122
1738,Saturday,17,October,7053
1739,Saturday,17,November,4391
1740,Saturday,17,December,2747
1741,Saturday,18,January,5599
1742,Saturday,18,February,2274
1743,Saturday,18,March,2613
1744,Saturday,18,April,3856
1745,Saturday,18,May,5396
1746,Saturday,18,June,2102
1747,Saturday,18,July,6406
1748,Saturday,18,August,3876
1749,Saturday,18,October,1549
1750,Saturday,18,November,3193
1751,Saturday,19,January,4368
1752,Saturday,19,March,1918
1753,Saturday,19,April,1028
1754,Saturday,19,May,3502
1755,Saturday,19,July,1496
1756,Saturday,19,August,2663
1757,Saturday,19,September,6863
1758,Saturday,19,October,5319
1759,Saturday,19,November,1919
1760,Saturday,19,December,10185
1761,Saturday,20,January,3258
1762,Saturday,20,February,1601
1763,Saturday,20,April,4444
1764,Saturday,20,May,2782
1765,Saturday,20,June,5653
1766,Saturday,20,July,5098
1767,Saturday,20,August,1755
1768,Saturday,20,September,1446
1769,Saturday,20,October,3616
1770,Saturday,20,December,2409
1771,Saturday,21,January,2030
1772,Saturday,21,February,1283
1773,Saturday,21,March,2719
1774,Saturday,21,April,2894
1775,Saturday,21,May,1665
1776,Saturday,21,June,1331
1777,Saturday,21,July,3500
1778,Saturday,21,September,5408
1779,Saturday,21,October,3148
1780,Saturday,21,November,5961
1781,Saturday,21,December,8940
1782,Saturday,22,February,4576
1783,Saturday,22,March,1236
1784,Saturday,22,April,2492
1785,Saturday,22,June,5141
1786,Saturday,22,July,2770
1787,Saturday,22,August,6039
1788,Saturday,22,September,3649
1789,Saturday,22,October,1721
1790,Saturday,22,November,1272
1791,Saturday,22,December,9755
1792,Saturday,23,January,6732
1793,Saturday,23,February,4135
1794,Saturday,23,March,4979
1795,Saturday,23,April,1570
1796,Saturday,23,May,5162
1797,Saturday,23,June,3332
1798,Saturday,23,July,1744
1799,Saturday,23,August,1197
1800,Saturday,23,September,2931
1801,Saturday,23,November,4747
1802,Saturday,23,December,5749
1803,Saturday,24,January,1362
1804,Saturday,24,February,3212
1805,Saturday,24,March,3296
1806,Saturday,24,May,1287
1807,Saturday,24,June,3146
1808,Saturday,24,August,4331
1809,Saturday,24,September,1827
1810,Saturday,24,October,6042
1811,Saturday,24,November,3330
1812,Saturday,24,December,3432
1813,Saturday,25,January,5063
1814,Saturday,25,February,2322
1815,Saturday,25,March,2445
1816,Saturday,25,April,3261
1817,Saturday,25,May,5820
1818,Saturday,25,June,1854
1819,Saturday,25,July,6617
1820,Saturday,25,August,2856
1821,Saturday,25,October,1408
1822,Saturday,25,November,3258
1823,Saturday,26,January,4369
1824,Saturday,26,March,1207
1825,Saturday,26,April,1405
1826,Saturday,26,May,3773
1827,Saturday,26,July,1475
1828,Saturday,26,August,2976
1829,Saturday,26,September,5778
1830,Saturday,26,October,5145
1831,Saturday,26,November,2017
1832,Saturday,26,December,4493
1833,Saturday,27,January,3424
1834,Saturday,27,February,2222
1835,Saturday,27,April,4974
1836,Saturday,27,May,3403
1837,Saturday,27,June,5708
1838,Saturday,27,July,5517
1839,Saturday,27,August,1860
1840,Saturday,27,September,1617
1841,Saturday,27,October,3413
1842,Saturday,27,December,1505
1843,Saturday,28,January,2297
1844,Saturday,28,February,2974
1845,Saturday,28,March,3357
1846,Saturday,28,April,3939
1847,Saturday,28,May,2209
1848,Saturday,28,June,1927
1849,Saturday,28,July,3983
1850,Saturday,28,September,6318
1851,Saturday,28,October,3379
1852,Saturday,28,November,7792
1853,Saturday,28,December,6414
1854,Saturday,29,February,6112
1855,Saturday,29,March,2010
1856,Saturday,29,April,4250
1857,Saturday,29,June,7794
1858,Saturday,29,July,3991
1859,Saturday,29,August,7542
1860,Saturday,29,September,5468
1861,Saturday,29,October,3467
1862,Saturday,29,November,2418
1863,Saturday,29,December,8638
1864,Saturday,30,January,3224
1865,Saturday,30,March,7028
1866,Saturday,30,April,3364
1867,Saturday,30,May,8663
1868,Saturday,30,June,5821
1869,Saturday,30,July,3205
1870,Saturday,30,August,2400
1871,Saturday,30,September,5127
1872,Saturday,30,November,8223
1873,Saturday,30,December,6215
1874,Saturday,31,January,2713
1875,Saturday,31,March,4171
1876,Saturday,31,May,2976
1877,Saturday,31,August,7922
1878,Saturday,31,October,10192
1879,Saturday,31,December,2684
1880,Sunday,1,January,749
1881,Sunday,1,February,2357
1882,Sunday,1,March,5896
1883,Sunday,1,April,2633
1884,Sunday,1,May,2135
1885,Sunday,1,June,2423
1886,Sunday,1,July,3384
1887,Sunday,1,September,5593
1888,Sunday,1,October,3244
1889,Sunday,1,November,5896
1890,Sunday,1,December,6084
1891,Sunday,2,February,6251
1892,Sunday,2,March,2336
1893,Sunday,2,April,2970
1894,Sunday,2,June,6735
1895,Sunday,2,July,3325
1896,Sunday,2,August,6175
1897,Sunday,2,September,3446
1898,Sunday,2,October,2424
1899,Sunday,2,November,2379
1900,Sunday,2,December,3867
1901,Sunday,3,January,5552
1902,Sunday,3,February,5253
1903,Sunday,3,March,6156
1904,Sunday,3,April,2886
1905,Sunday,3,May,3944
1906,Sunday,3,June,3565
1907,Sunday,3,July,3010
1908,Sunday,3,August,2003
1909,Sunday,3,September,3045
1910,Sunday,3,November,5399
1911,Sunday,3,December,3663
1912,Sunday,4,January,1949
1913,Sunday,4,February,3195
1914,Sunday,4,March,4021
1915,Sunday,4,May,2196
1916,Sunday,4,June,3110
1917,Sunday,4,August,5760
1918,Sunday,4,September,2411
1919,Sunday,4,October,6866
1920,Sunday,4,November,3466
1921,Sunday,4,December,2646
1922,Sunday,5,January,4764
1923,Sunday,5,February,2534
1924,Sunday,5,March,2765
1925,Sunday,5,April,2458
1926,Sunday,5,May,6248
1927,Sunday,5,June,2429
1928,Sunday,5,July,5906
1929,Sunday,5,August,2389
1930,Sunday,5,October,1832
1931,Sunday,5,November,3475
1932,Sunday,6,January,4456
1933,Sunday,6,March,2373
1934,Sunday,6,April,2046
1935,Sunday,6,May,3110
1936,Sunday,6,July,1883
1937,Sunday,6,August,2441
1938,Sunday,6,September,5792
1939,Sunday,6,October,5850
1940,Sunday,6,November,2405
1941,Sunday,6,December,6213
1942,Sunday,7,January,2678
1943,Sunday,7,February,2157
1944,Sunday,7,April,5427
1945,Sunday,7,May,2509
1946,Sunday,7,June,4826
1947,Sunday,7,July,5053
1948,Sunday,7,August,1723
1949,Sunday,7,September,1663
1950,Sunday,7,October,2796
1951,Sunday,7,December,1587
1952,Sunday,8,January,1676
1953,Sunday,8,February,1921
1954,Sunday,8,March,5333
1955,Sunday,8,April,2925
1956,Sunday,8,May,2227
1957,Sunday,8,June,1623
1958,Sunday,8,July,2672
1959,Sunday,8,September,4568
1960,Sunday,8,October,2766
1961,Sunday,8,November,5186
1962,Sunday,8,December,4705
1963,Sunday,9,February,4950
1964,Sunday,9,March,1987
1965,Sunday,9,April,2362
1966,Sunday,9,June,4809
1967,Sunday,9,July,2433
1968,Sunday,9,August,4929
1969,Sunday,9,September,2595
1970,Sunday,9,October,1994
1971,Sunday,9,November,1642
1972,Sunday,9,December,3010
1973,Sunday,10,January,4972
1974,Sunday,10,February,4649
1975,Sunday,10,March,5219
1976,Sunday,10,April,2086
1977,Sunday,10,May,4231
1978,Sunday,10,June,3173
1979,Sunday,10,July,1793
1980,Sunday,10,August,1584
1981,Sunday,10,September,2686
1982,Sunday,10,November,5086
1983,Sunday,10,December,2638
1984,Sunday,11,January,1663
1985,Sunday,11,February,2460
1986,Sunday,11,March,2828
1987,Sunday,11,May,1853
1988,Sunday,11,June,2366
1989,Sunday,11,August,3948
1990,Sunday,11,September,1557
1991,Sunday,11,October,4611
1992,Sunday,11,November,2907
1993,Sunday,11,December,2158
1994,Sunday,12,January,4593
1995,Sunday,12,February,1976
1996,Sunday,12,March,2093
1997,Sunday,12,April,2148
1998,Sunday,12,May,5073
1999,Sunday,12,June,1851
2000,Sunday,12,July,4603
2001,Sunday,12,August,2374
2002,Sunday,12,October,1515
2003,Sunday,12,November,2528
2004,Sunday,13,January,3990
2005,Sunday,13,March,1761
2006,Sunday,13,April,1620
2007,Sunday,13,May,2613
2008,Sunday,13,July,1343
2009,Sunday,13,August,2006
2010,Sunday,13,September,4705
2011,Sunday,13,October,5189
2012,Sunday,13,November,1817
2013,Sunday,13,December,5268
2014,Sunday,14,January,2363
2015,Sunday,14,February,1534
2016,Sunday,14,April,4113
2017,Sunday,14,May,2164
2018,Sunday,14,June,3908
2019,Sunday,14,July,4117
2020,Sunday,14,August,1176
2021,Sunday,14,September,1329
2022,Sunday,14,October,2449
2023,Sunday,14,December,1578
2024,Sunday,15,January,1646
2025,Sunday,15,February,1245
2026,Sunday,15,March,2378
2027,Sunday,15,April,2386
2028,Sunday,15,May,1418
2029,Sunday,15,June,1378
2030,Sunday,15,July,2191
2031,Sunday,15,September,4305
2032,Sunday,15,October,2226
2033,Sunday,15,November,4190
2034,Sunday,15,December,4802
2035,Sunday,16,February,4076
2036,Sunday,16,March,1496
2037,Sunday,16,April,1249
2038,Sunday,16,June,4216
2039,Sunday,16,July,1954
2040,Sunday,16,August,3839
2041,Sunday,16,September,2510
2042,Sunday,16,October,1615
2043,Sunday,16,November,1279
2044,Sunday,16,December,4578
2045,Sunday,17,January,4349
2046,Sunday,17,February,3396
2047,Sunday,17,March,3684
2048,Sunday,17,April,1454
2049,Sunday,17,May,3357
2050,Sunday,17,June,1934
2051,Sunday,17,July,1567
2052,Sunday,17,August,1077
2053,Sunday,17,September,2024
2054,Sunday,17,November,3798
2055,Sunday,17,December,2673
2056,Sunday,18,January,1221
2057,Sunday,18,February,2108
2058,Sunday,18,March,2207
2059,Sunday,18,May,1223
2060,Sunday,18,June,1957
2061,Sunday,18,August,3079
2062,Sunday,18,September,1425
2063,Sunday,18,October,4046
2064,Sunday,18,November,2325
2065,Sunday,18,December,1803
2066,Sunday,19,January,3651
2067,Sunday,19,February,1442
2068,Sunday,19,March,1718
2069,Sunday,19,April,1940
2070,Sunday,19,May,3554
2071,Sunday,19,June,1420
2072,Sunday,19,July,3885
2073,Sunday,19,August,1488
2074,Sunday,19,October,1166
2075,Sunday,19,November,1933
2076,Sunday,20,January,3187
2077,Sunday,20,March,1419
2078,Sunday,20,April,784
2079,Sunday,20,May,2017
2080,Sunday,20,July,1085
2081,Sunday,20,August,1695
2082,Sunday,20,September,4272
2083,Sunday,20,October,3709
2084,Sunday,20,November,1321
2085,Sunday,20,December,6325
2086,Sunday,21,January,1954
2087,Sunday,21,February,1247
2088,Sunday,21,April,2930
2089,Sunday,21,May,1733
2090,Sunday,21,June,3360
2091,Sunday,21,July,3263
2092,Sunday,21,August,1120
2093,Sunday,21,September,1014
2094,Sunday,21,October,2192
2095,Sunday,21,December,1958
2096,Sunday,22,January,1291
2097,Sunday,22,February,1040
2098,Sunday,22,March,1410
2099,Sunday,22,April,1638
2100,Sunday,22,May,1235
2101,Sunday,22,June,1066
2102,Sunday,22,July,1884
2103,Sunday,22,September,3550
2104,Sunday,22,October,1788
2105,Sunday,22,November,3431
2106,Sunday,22,December,5879
2107,Sunday,23,February,2959
2108,Sunday,23,March,979
2109,Sunday,23,April,1555
2110,Sunday,23,June,3072
2111,Sunday,23,July,1573
2112,Sunday,23,August,3282
2113,Sunday,23,September,2100
2114,Sunday,23,October,1142
2115,Sunday,23,November,1045
2116,Sunday,23,December,5638
2117,Sunday,24,January,3843
2118,Sunday,24,February,2710
2119,Sunday,24,March,3237
2120,Sunday,24,April,1276
2121,Sunday,24,May,2700
2122,Sunday,24,June,1737
2123,Sunday,24,July,1182
2124,Sunday,24,August,913
2125,Sunday,24,September,1686
2126,Sunday,24,November,3226
2127,Sunday,24,December,1933
2128,Sunday,25,January,1100
2129,Sunday,25,February,1831
2130,Sunday,25,March,2139
2131,Sunday,25,May,1160
2132,Sunday,25,June,1581
2133,Sunday,25,August,2596
2134,Sunday,25,September,1267
2135,Sunday,25,October,3509
2136,Sunday,25,November,2030
2137,Sunday,25,December,707
2138,Sunday,26,January,3263
2139,Sunday,26,February,1454
2140,Sunday,26,March,1457
2141,Sunday,26,April,1963
2142,Sunday,26,May,3500
2143,Sunday,26,June,1254
2144,Sunday,26,July,4004
2145,Sunday,26,August,1571
2146,Sunday,26,October,1076
2147,Sunday,26,November,1913
2148,Sunday,27,January,2946
2149,Sunday,27,March,959
2150,Sunday,27,April,1155
2151,Sunday,27,May,1924
2152,Sunday,27,July,1098
2153,Sunday,27,August,1829
2154,Sunday,27,September,3382
2155,Sunday,27,October,3641
2156,Sunday,27,November,1304
2157,Sunday,27,December,3693
2158,Sunday,28,January,2124
2159,Sunday,28,February,1727
2160,Sunday,28,April,3251
2161,Sunday,28,May,2082
2162,Sunday,28,June,3721
2163,Sunday,28,July,3646
2164,Sunday,28,August,1143
2165,Sunday,28,September,1331
2166,Sunday,28,October,1889
2167,Sunday,28,December,1330
2168,Sunday,29,January,1588
2169,Sunday,29,March,2008
2170,Sunday,29,April,2003
2171,Sunday,29,May,1519
2172,Sunday,29,June,1474
2173,Sunday,29,July,2396
2174,Sunday,29,September,4420
2175,Sunday,29,October,2178
2176,Sunday,29,November,4487
2177,Sunday,29,December,4578
2178,Sunday,30,March,1603
2179,Sunday,30,April,2195
2180,Sunday,30,June,5596
2181,Sunday,30,July,2242
2182,Sunday,30,August,4962
2183,Sunday,30,September,3524
2184,Sunday,30,October,2395
2185,Sunday,30,November,2008
2186,Sunday,30,December,5238
2187,Sunday,31,January,2503
2188,Sunday,31,March,4858
2189,Sunday,31,May,5524
2190,Sunday,31,July,2172
2191,Sunday,31,August,1868
2192,Sunday,31,December,2129